{
  "120.0": {
    "exp+1": 0.004725888837128878,
    "exp+2": 0.007913944311439991,
    "exp-1": 0.00208282470703125,
    "exp-2": 0.00128173828125,
    "exp0": 0.00341796875
  }
}