{
  "120.0": {
    "exp+1": 0.003375635016709566,
    "exp+2": 0.005146777257323265,
    "exp-1": 0.0012969970703125,
    "exp-2": 0.00091552734375,
    "exp0": 0.00244140625
  }
}