{
  "120.0": {
    "exp+1": 0.005597835872322321,
    "exp+2": 0.008894884958863258,
    "exp-1": 0.0024566650390625,
    "exp-2": 0.00213623046875,
    "exp0": 0.00341796875
  }
}